Passenger Email,Travel Insurance?,Purchase Date,Travel Date,Fare Type,Ticket Price,Route,Row_ID,Person
rbeeghly@vizpainter.com,False,12/9/2016,1/4/2017,Economy,86,DAL-ATL,637,Rob Beeghly
jbarnett@vizpainter.com,False,11/29/2016,1/4/2017,First Class,237,DAL-ATL,402,Julia Barnett
dreichenbach@vizpainter.com,True,10/21/2016,1/2/2017,Economy,62,DAL-LGA,191,Dan Reichenbach
dreichenbach@vizpainter.com,True,11/25/2016,1/2/2017,Economy,81,DAL-MDW,191,Dan Reichenbach
rbeeghly@vizpainter.com,False,12/30/2016,1/4/2017,Business,169,DAL-LGA,637,Rob Beeghly
nschneider@vizpainter.com,False,11/10/2016,1/4/2017,Business,93,DAL-ELP,566,Neola Schneider
swooten@vizpainter.com,False,10/23/2016,1/1/2017,Economy,78,DAL-HOU,682,Scot Wooten
aratner@vizpainter.com,False,12/16/2016,1/2/2017,Economy,84,DAL-AUS,38,Anemone Ratner
aratner@vizpainter.com,True,12/10/2016,1/2/2017,Economy,78,DAL-PHX,38,Anemone Ratner
sshariari@vizpainter.com,False,11/16/2016,1/3/2017,Economy,116,DAL-PHX,693,Shahid Shariari
swooten@vizpainter.com,False,12/9/2016,1/1/2017,Economy,90,DAL-PHX,682,Scot Wooten
aratner@vizpainter.com,False,12/28/2016,1/2/2017,Business,102,DAL-SEA,38,Anemone Ratner
sshariari@vizpainter.com,True,12/5/2016,1/3/2017,Economy,116,DAL-MDW,693,Shahid Shariari
aratner@vizpainter.com,False,9/29/2016,1/2/2017,First Class,222,DAL-HOU,38,Anemone Ratner
swooten@vizpainter.com,False,12/1/2016,1/1/2017,Economy,72,DAL-AMA,682,Scot Wooten
aratner@vizpainter.com,False,11/16/2016,1/2/2017,Economy,104,DAL-OKC,38,Anemone Ratner
swooten@vizpainter.com,False,10/22/2016,1/1/2017,Business,115,DAL-LGA,682,Scot Wooten
aratner@vizpainter.com,False,10/13/2016,1/2/2017,Economy,141,DAL-TUL,38,Anemone Ratner
swooten@vizpainter.com,False,11/20/2016,1/1/2017,Economy,149,DAL-PHX,682,Scot Wooten
aratner@vizpainter.com,False,12/14/2016,1/2/2017,Economy,95,DAL-OKC,38,Anemone Ratner
ccortes@vizpainter.com,False,12/14/2016,1/5/2017,Economy,106,DAL-AMA,147,Chris Cortes
kducich@vizpainter.com,False,9/9/2017,11/30/2017,Business,157,DAL-HOU,422,Katherine Ducich
hglantz@vizpainter.com,False,6/26/2017,9/8/2017,First Class,275,DAL-AMA,334,Hunter Glantz
scohen@vizpainter.com,False,5/22/2017,6/2/2017,Economy,97,DAL-AUS,683,Scott Cohen
msatty@vizpainter.com,False,9/8/2017,10/14/2017,Economy,142,DAL-AUS,513,Maurice Satty
dpoirier@vizpainter.com,False,10/13/2017,12/7/2017,Economy,93,DAL-OKC,206,Dave Poirier
jcaffey@vizpainter.com,False,11/18/2017,12/22/2017,Economy,104,DAL-HOU,358,Jenna Caffey
jmartin@vizpainter.com,False,11/8/2017,12/9/2017,Economy,121,DAL-ELP,349,Janet Martin
rd'ascenzo@vizpainter.com,False,11/4/2017,12/3/2017,Economy,129,DAL-ATL,661,Russell D'Ascenzo
jeaton@vizpainter.com,False,3/17/2017,5/17/2017,Business,149,DAL-SEA,382,Joel Eaton
mseite@vizpainter.com,False,9/25/2017,12/12/2017,Economy,73,DAL-OKC,521,Melanie Seite
nfritzler@vizpainter.com,False,8/12/2017,8/23/2017,Economy,79,DAL-AUS,558,Natalie Fritzler
rhaberlin@vizpainter.com,False,4/15/2017,6/30/2017,Economy,149,DAL-LAS,639,Rob Haberlin
bdonatelli@vizpainter.com,False,10/10/2017,11/25/2017,Economy,99,DAL-ELP,88,Bill Donatelli
,False,3/24/2017,4/28/2017,Economy,122,DAL-HOU,389,John Lucas
rmarley@vizpainter.com,True,5/7/2017,6/7/2017,Economy,148,DAL-OKC,644,Robert Marley
jepp@vizpainter.com,False,3/30/2017,6/3/2017,Economy,101,DAL-MDW,373,Jim Epp
mdominguez@vizpainter.com,False,8/30/2017,11/9/2017,First Class,224,DAL-HOU,523,Michael Dominguez
kseio@vizpainter.com,False,5/30/2017,7/10/2017,Business,84,DAL-PHX,419,Karen Seio
sbrown@vizpainter.com,True,10/16/2017,11/26/2017,First Class,287,DAL-ATL,678,Sarah Brown
mlee@vizpainter.com,False,11/12/2017,12/13/2017,Economy,114,DAL-PHX,550,Muhammed Lee
ngelder@vizpainter.com,False,1/30/2017,3/7/2017,Economy,94,DAL-ATL,561,Nathan Gelder
mhuthwaite@vizpainter.com,False,1/17/2017,4/4/2017,First Class,234,DAL-ELP,534,Michelle Huthwaite
nradford@vizpainter.com,False,8/20/2017,9/1/2017,Economy,85,DAL-CLE,569,Nick Radford
rhightower@vizpainter.com,False,9/11/2017,9/30/2017,Economy,118,DAL-HOU,636,Ritsa Hightower
kbrennan@vizpainter.com,False,11/17/2017,12/8/2017,Economy,136,DAL-HOU,439,Ken Brennan
fharton@vizpainter.com,False,10/27/2017,12/11/2017,Economy,149,DAL-MDW,289,Fred Harton
mlee@vizpainter.com,False,6/28/2017,8/12/2017,Economy,112,DAL-OKC,550,Muhammed Lee
dpardue@vizpainter.com,False,2/26/2017,3/27/2017,Economy,134,DAL-ELP,225,Dennis Pardue
jmyrick@vizpainter.com,True,7/13/2017,8/16/2017,Business,108,DAL-SEA,368,Jessica Myrick
jfortune-@vizpainter.com,False,11/19/2017,12/24/2017,Economy,76,DAL-LGA,352,Jason Fortune-
hkirkland@vizpainter.com,True,10/23/2017,11/26/2017,Economy,129,DAL-HOU,325,Heather Kirkland
jpatt@vizpainter.com,False,11/6/2017,12/20/2017,Economy,65,DAL-GRR,363,Jennifer Patt
tseio@vizpainter.com,False,10/20/2017,12/11/2017,Economy,92,DAL-PHX,746,Thomas Seio
lmackendrick@vizpainter.com,True,11/1/2017,12/15/2017,Economy,102,DAL-SEA,470,Liz MacKendrick
fhawley@vizpainter.com,False,10/22/2017,11/9/2017,Economy,139,DAL-LAS,284,Frank Hawley
kheidel@vizpainter.com,False,12/26/2016,3/5/2017,Economy,127,DAL-MDW,441,Ken Heidel
marnett@vizpainter.com,False,8/25/2017,10/9/2017,First Class,303,DAL-MDW,532,Michelle Arnett
sbrown@vizpainter.com,True,5/4/2017,6/23/2017,Economy,83,DAL-HOU,678,Sarah Brown
mschwartz@vizpainter.com,True,11/29/2017,12/29/2017,Economy,111,DAL-AUS,517,Maxwell Schwartz
jmyrick@vizpainter.com,False,8/12/2017,10/9/2017,Business,179,DAL-AUS,368,Jessica Myrick
csievert@vizpainter.com,False,3/15/2017,4/2/2017,Economy,73,DAL-AUS,141,Chad Sievert
jrupert@vizpainter.com,False,12/6/2016,2/18/2017,Economy,118,DAL-AUS,379,Jocasta Rupert
mstewart@vizpainter.com,False,10/23/2017,11/10/2017,Economy,84,DAL-LGA,531,Michael Stewart
tbutterfield@vizpainter.com,False,3/12/2017,4/25/2017,Economy,120,DAL-AUS,736,Ted Butterfield
bthompson@vizpainter.com,False,9/5/2017,9/19/2017,Economy,130,DAL-AUS,87,Beth Thompson
rdemir@vizpainter.com,True,8/20/2017,9/2/2017,Economy,115,DAL-LGA,647,Roger Demir
dbremer@vizpainter.com,False,9/20/2017,12/15/2017,First Class,269,DAL-ELP,207,David Bremer
tboland@vizpainter.com,True,1/24/2017,4/10/2017,Economy,147,DAL-HOU,744,Thomas Boland
schance,False,11/4/2016,1/29/2017,First Class,290,DAL-LAS,695,Shaun Chance
kmiller@vizpainter.com,False,12/10/2016,2/25/2017,Economy,133,DAL-LGA,447,Kunst Miller
hryan@vizpainter.com,False,10/25/2017,12/28/2017,Economy,121,DAL-LAS,321,Harold Ryan
bmurry@vizpainter.com,False,11/24/2017,12/6/2017,First Class,308,DAL-ATL,105,Brendan Murry
fcarlisle@vizpainter.com,False,2/7/2017,4/21/2017,Economy,95,DAL-LGA,282,Frank Carlisle
mgnade@vizpainter.com,True,3/20/2017,4/7/2017,Economy,94,DAL-LGA,512,Maureen Gnade
mhaberlin@vizpainter.com,False,5/6/2017,7/27/2017,Economy,143,DAL-ELP,495,Mark Haberlin
mjones@vizpainter.com,True,10/22/2017,11/18/2017,Economy,163,DAL-SLC,515,Max Jones
fmerwin@vizpainter.com,False,3/19/2017,6/17/2017,Economy,155,DAL-OKC,285,Frank Merwin
tboyes@vizpainter.com,False,5/15/2017,7/10/2017,Economy,138,DAL-HOU,756,Todd Boyes
rwaldorf@vizpainter.com,False,10/8/2017,11/14/2017,Economy,137,DAL-AUS,645,Robert Waldorf
dkatz@vizpainter.com,True,9/9/2017,9/27/2017,Economy,70,DAL-ELP,214,Dean Katz
iliston@vizpainter.com,False,10/30/2017,11/29/2017,Economy,149,DAL-LGA,339,Ivan Liston
jlebron@vizpainter.com,False,5/19/2017,6/12/2017,Economy,144,DAL-LAS,341,Jack Lebron
jepp@vizpainter.com,False,3/20/2017,4/28/2017,Economy,117,DAL-GRR,373,Jim Epp
mhernandez@vizpainter.com,False,11/11/2017,12/18/2017,Economy,69,DAL-PHX,540,Mick Hernandez
,False,11/26/2017,12/31/2017,Business,86,DAL-AMA,679,Sarah Foster
hwasserman@vizpainter.com,False,12/8/2017,12/27/2017,Business,119,DAL-OKC,328,Helen Wasserman
snguyen@vizpainter.com,False,8/29/2017,10/2/2017,First Class,241,DAL-AUS,713,Steve Nguyen
lolson@vizpainter.com,False,11/8/2017,12/31/2017,Economy,123,DAL-AMA,477,Lori Olson
carntzen@vizpainter.com,False,3/12/2017,3/26/2017,Economy,100,DAL-MDW,184,Cynthia Arntzen
msatty@vizpainter.com,False,10/27/2017,12/8/2017,Economy,143,DAL-HOU,513,Maurice Satty
spak@vizpainter.com,True,7/15/2017,9/22/2017,Economy,140,DAL-AUS,723,Sung Pak
ahäberlin@vizpainter.com,True,8/15/2017,9/5/2017,Economy,102,DAL-AUS,46,Anna Häberlin
lhernandez@vizpainter.com,True,10/14/2017,12/16/2017,Business,159,DAL-LAS,459,Lena Hernandez
cjumper@vizpainter.com,False,11/9/2017,12/3/2017,Business,84,DAL-LAS,133,Caroline Jumper
snguyen@vizpainter.com,True,9/19/2017,10/20/2017,Economy,96,DAL-AUS,713,Steve Nguyen
x,False,9/23/2017,10/13/2017,Economy,112,DAL-MDW,204,Dave Hallsten
rausman@vizpainter.com,False,1/16/2017,4/15/2017,Business,99,DAL-LGA,658,Ruben Ausman
rkennedy@vizpainter.com,False,5/9/2017,7/31/2017,Economy,125,DAL-SLC,619,Ralph Kennedy
gbell@vizpainter.com,False,4/25/2017,5/3/2017,Economy,147,DAL-TUL,301,George Bell
mgockenbach@vizpainter.com,True,2/15/2017,4/8/2017,Economy,117,DAL-OKC,542,Mike Gockenbach
ccheatham@vizpainter.com,False,8/19/2017,9/8/2017,Economy,69,DAL-AUS,169,Clay Cheatham
dmonton@vizpainter.com,False,7/12/2017,8/25/2017,Economy,141,DAL-HOU,222,Denise Monton
ashonely@vizpainter.com,False,6/8/2017,7/8/2017,Economy,102,DAL-ATL,16,Alan Shonely
sgordon@vizpainter.com,True,8/29/2017,9/24/2017,Economy,139,DAL-PHX,697,Sheri Gordon
rhightower@vizpainter.com,False,9/10/2017,9/30/2017,First Class,231,DAL-PHX,636,Ritsa Hightower
lhaushalter@vizpainter.com,False,9/4/2017,11/10/2017,First Class,309,DAL-ELP,476,Logan Haushalter
tbrockman@vizpainter.com,False,9/3/2017,11/27/2017,Economy,158,DAL-AUS,749,Tim Brockman
aferguson@vizpainter.com,False,8/20/2017,11/30/2017,Economy,159,DAL-LGA,58,Art Ferguson
mlee@vizpainter.com,False,7/31/2017,8/12/2017,Economy,81,DAL-SLC,550,Muhammed Lee
mlee@vizpainter.com,False,7/26/2017,8/12/2017,Economy,102,DAL-LGA,550,Muhammed Lee
tritter@vizpainter.com,True,7/2/2017,11/3/2017,Economy,69,DAL-LGA,754,Toby Ritter
sparks@vizpainter.com,False,10/2/2017,12/12/2017,Economy,102,DAL-SEA,702,Sibella Parks
mbrown@vizpainter.com,True,5/22/2017,7/15/2017,Economy,76,DAL-HOU,538,Mick Brown
handreada@vizpainter.com,False,8/17/2017,9/5/2017,Economy,68,DAL-GRR,327,Helen Andreada
gweimer@vizpainter.com,True,9/24/2017,11/14/2017,First Class,277,DAL-ATL,306,Giulietta Weimer
azypern@vizpainter.com,False,9/13/2017,11/13/2017,Economy,109,DAL-HOU,50,Annie Zypern
bfritzler@vizpainter.com,False,2/10/2017,3/23/2017,Economy,69,DAL-CLE,85,Beth Fritzler
ghale,False,11/14/2017,11/30/2017,Economy,68,DAL-HOU,298,Gene Hale
ccarreira@vizpainter.com,False,11/23/2016,1/27/2017,Business,161,DAL-AUS,177,Craig Carreira
moakman@vizpainter.com,False,10/6/2017,10/30/2017,First Class,254,DAL-SEA,529,Michael Oakman
tstivers@vizpainter.com,False,9/19/2017,12/4/2017,Economy,78,DAL-PHX,761,Tom Stivers
dmartin@vizpainter.com,False,11/20/2017,12/16/2017,Economy,157,DAL-PHX,200,Darrin Martin
jrupert@vizpainter.com,True,1/12/2017,2/18/2017,Economy,111,DAL-AUS,379,Jocasta Rupert
ttaslimi@vizpainter.com,False,10/2/2017,11/5/2017,Economy,157,DAL-PHX,750,Tim Taslimi
kbraun@vizpainter.com,False,8/14/2017,12/11/2017,Business,148,DAL-AUS,420,Karl Braun
nchilds@vizpainter.com,False,10/13/2017,11/19/2017,Economy,139,DAL-LGA,574,Noah Childs
educich@vizpainter.com,True,4/19/2017,7/16/2017,Business,171,DAL-LAS,258,Emily Ducich
ldecherney@vizpainter.com,False,12/20/2017,12/31/2017,Business,142,DAL-SEA,466,Lisa DeCherney
cjackson@vizpainter.com,False,12/16/2016,2/6/2017,Economy,141,DAL-TUL,124,Carl Jackson
kferguson@vizpainter.com,False,11/7/2017,11/19/2017,Economy,115,DAL-ELP,418,Karen Ferguson
carmstrong@vizpainter.com,False,7/5/2017,9/23/2017,Economy,65,DAL-ELP,136,Cathy Armstrong
mjones@vizpainter.com,False,10/10/2017,11/18/2017,Economy,118,DAL-AUS,515,Max Jones
djoy@vizpainter.com,False,6/21/2017,9/8/2017,First Class,224,DAL-MDW,227,Denny Joy
kedelman@vizpainter.com,False,12/2/2017,12/29/2017,Economy,86,DAL-HOU,427,Katrina Edelman
ahaines@vizpainter.com,False,9/18/2017,11/13/2017,Economy,102,DAL-HOU,13,Alan Haines
sann@vizpainter.com,True,7/31/2017,8/23/2017,Economy,138,DAL-AUS,721,Sue Ann Reed
jlebron@vizpainter.com,False,5/15/2017,6/12/2017,Economy,88,DAL-HOU,341,Jack Lebron
educich@vizpainter.com,False,7/6/2017,8/28/2017,Economy,130,DAL-LGA,258,Emily Ducich
kducich@vizpainter.com,True,9/17/2017,11/30/2017,Economy,114,DAL-OKC,422,Katherine Ducich
mgastineau@vizpainter.com,True,4/24/2017,6/3/2017,Economy,94,DAL-ATL,546,Mitch Gastineau
msatty@vizpainter.com,False,9/6/2017,10/14/2017,Business,157,DAL-ATL,513,Maurice Satty
hwasserman@vizpainter.com,False,10/30/2017,12/27/2017,Business,177,DAL-AUS,328,Helen Wasserman
aallen@vizpainter.com,False,10/11/2017,11/15/2017,Economy,83,DAL-LGA,32,Andrew Allen
dkotsonis@vizpainter.com,False,8/13/2017,9/4/2017,Economy,127,DAL-SFO,188,Damala Kotsonis
cstewart@vizpainter.com,False,11/23/2017,12/24/2017,Economy,93,DAL-MDW,166,Cindy Stewart
pprost@vizpainter.com,False,1/3/2017,5/5/2017,Economy,130,DAL-MDW,596,Paul Prost
jeaton@vizpainter.com,False,2/24/2017,5/17/2017,Economy,123,DAL-HOU,382,Joel Eaton
nfritzler@vizpainter.com,False,7/3/2017,8/23/2017,Economy,68,DAL-AUS,558,Natalie Fritzler
reichhorn@vizpainter.com,False,11/4/2017,12/17/2017,Economy,60,DAL-AUS,629,Richard Eichhorn
jbarnett@vizpainter.com,False,11/7/2017,12/12/2017,Economy,89,DAL-AUS,402,Julia Barnett
tsissman@vizpainter.com,True,2/8/2017,3/10/2017,Economy,106,DAL-HOU,738,Thais Sissman
gbell@vizpainter.com,False,4/1/2017,5/3/2017,Economy,68,DAL-ATL,301,George Bell
bsweed@vizpainter.com,False,10/28/2017,12/4/2017,First Class,281,DAL-AUS,106,Brendan Sweed
bdecherney@vizpainter.com,False,9/21/2017,12/31/2017,Economy,145,DAL-GRR,108,Brian DeCherney
mhuthwaite@vizpainter.com,False,3/17/2017,4/4/2017,Business,173,DAL-PHX,534,Michelle Huthwaite
nradford@vizpainter.com,True,7/8/2017,9/1/2017,Economy,80,DAL-SEA,569,Nick Radford
rhightower@vizpainter.com,False,9/10/2017,9/30/2017,Economy,133,DAL-HOU,636,Ritsa Hightower
jgalang@vizpainter.com,False,6/14/2017,10/15/2017,Economy,69,DAL-LGA,343,James Galang
cdemoss@vizpainter.com,False,8/26/2017,11/9/2017,Business,133,DAL-AUS,151,Christina DeMoss
mlee@vizpainter.com,False,6/28/2017,8/12/2017,Economy,148,DAL-AUS,550,Muhammed Lee
jmyrick@vizpainter.com,False,6/17/2017,8/16/2017,Economy,114,DAL-ATL,368,Jessica Myrick
lryan@vizpainter.com,False,8/25/2017,9/30/2017,Economy,124,DAL-LAS,468,Lisa Ryan
ejacobs@vizpainter.com,False,1/10/2017,3/20/2017,Business,131,DAL-SFO,276,Eva Jacobs
arosenblatt@vizpainter.com,False,11/20/2017,12/31/2017,Business,62,DAL-SEA,27,Allen Rosenblatt
dleinenbach@vizpainter.com,True,11/6/2017,11/28/2017,Economy,61,DAL-ATL,221,Denise Leinenbach
bfritzler@vizpainter.com,True,2/16/2017,3/23/2017,Economy,74,DAL-HOU,85,Beth Fritzler
ddickinson@vizpainter.com,False,6/6/2017,10/8/2017,Economy,110,DAL-HOU,237,Dorothy Dickinson
mschwartz@vizpainter.com,True,11/29/2017,12/29/2017,First Class,254,DAL-OKC,517,Maxwell Schwartz
tstivers@vizpainter.com,False,11/6/2017,12/4/2017,Economy,113,DAL-HOU,761,Tom Stivers
dbremer@vizpainter.com,False,10/4/2017,12/6/2017,Economy,115,DAL-ATL,207,David Bremer
jrupert@vizpainter.com,False,12/11/2016,2/18/2017,First Class,225,DAL-HOU,379,Jocasta Rupert
ttaslimi@vizpainter.com,True,9/13/2017,11/5/2017,Economy,113,DAL-AUS,750,Tim Taslimi
schance,False,1/1/2017,1/29/2017,Economy,71,DAL-PHX,695,Shaun Chance
cbergmann@vizpainter.com,True,10/21/2017,11/10/2017,Economy,151,DAL-AMA,168,Claudia Bergmann
ahane@vizpainter.com,True,5/15/2017,9/15/2017,Economy,62,DAL-AUS,8,Adrian Hane
kferguson@vizpainter.com,False,11/3/2017,11/19/2017,Economy,128,DAL-PHX,418,Karen Ferguson
rfranzösisch@vizpainter.com,False,4/13/2017,6/25/2017,Economy,155,DAL-PHX,655,Roy Französisch
fcarlisle@vizpainter.com,True,2/26/2017,4/21/2017,Economy,101,DAL-GRR,282,Frank Carlisle
mhaberlin@vizpainter.com,True,7/4/2017,7/27/2017,Economy,152,DAL-ELP,495,Mark Haberlin
djoy@vizpainter.com,False,8/12/2017,9/8/2017,Economy,72,DAL-LAS,227,Denny Joy
dkendrick@vizpainter.com,False,10/12/2017,10/17/2017,Economy,158,DAL-HOU,209,David Kendrick
aarmold@vizpainter.com,True,4/9/2017,5/12/2017,Economy,124,DAL-SLC,25,Allen Armold
rwaldorf@vizpainter.com,False,10/13/2017,11/14/2017,Economy,158,DAL-HOU,645,Robert Waldorf
jlebron@vizpainter.com,True,5/30/2017,6/12/2017,Economy,140,DAL-OKC,341,Jack Lebron
kmurray@vizpainter.com,False,10/14/2017,12/29/2017,Business,141,DAL-LGA,424,Katherine Murray
,False,11/20/2017,12/31/2017,Economy,71,DAL-ELP,679,Sarah Foster
x,False,1/29/2017,3/6/2017,Economy,105,DAL-SLC,204,Dave Hallsten
hwasserman@vizpainter.com,False,11/4/2017,12/27/2017,Economy,74,DAL-TUL,328,Helen Wasserman
snguyen@vizpainter.com,False,7/4/2017,10/2/2017,Economy,60,DAL-LGA,713,Steve Nguyen
hengle@vizpainter.com,False,9/30/2017,11/4/2017,Economy,90,DAL-CLE,319,Harold Engle
carntzen@vizpainter.com,False,1/4/2017,3/26/2017,First Class,213,DAL-HOU,184,Cynthia Arntzen
dbrooks@vizpainter.com,False,10/21/2017,12/11/2017,Economy,75,DAL-GRR,203,Dave Brooks
dpoirier@vizpainter.com,False,10/21/2017,11/17/2017,Economy,87,DAL-MDW,206,Dave Poirier
spak@vizpainter.com,False,9/7/2017,9/22/2017,Economy,129,DAL-AUS,723,Sung Pak
rd'ascenzo@vizpainter.com,True,11/11/2017,12/3/2017,Economy,154,DAL-LAS,661,Russell D'Ascenzo
jeaton@vizpainter.com,False,5/8/2017,5/17/2017,Economy,121,DAL-ATL,382,Joel Eaton
rhaberlin@vizpainter.com,False,6/7/2017,6/30/2017,Economy,110,DAL-HOU,639,Rob Haberlin
agrove@vizpainter.com,False,9/21/2017,10/17/2017,Business,144,DAL-PHX,18,Alejandro Grove
rausman@vizpainter.com,False,2/1/2017,4/15/2017,Economy,131,DAL-PHX,658,Ruben Ausman
sengle@vizpainter.com,False,1/16/2017,3/31/2017,Business,174,DAL-LAS,673,Sanjit Engle
rkennedy@vizpainter.com,False,7/19/2017,7/31/2017,Economy,70,DAL-AUS,619,Ralph Kennedy
mgastineau@vizpainter.com,False,7/21/2017,9/19/2017,Economy,75,DAL-AUS,511,Maureen Gastineau
nfranzösisch@vizpainter.com,False,6/13/2017,6/20/2017,Economy,131,DAL-AMA,564,Neil Französisch
mgockenbach@vizpainter.com,False,2/16/2017,4/8/2017,Economy,97,DAL-HOU,542,Mike Gockenbach
ccheatham@vizpainter.com,False,8/17/2017,9/8/2017,Economy,105,DAL-LGA,169,Clay Cheatham
kwillman@vizpainter.com,False,9/6/2017,11/2/2017,Economy,106,DAL-ATL,428,Katrina Willman
ashonely@vizpainter.com,False,5/25/2017,6/18/2017,Economy,81,DAL-OKC,16,Alan Shonely
sgordon@vizpainter.com,False,7/9/2017,9/24/2017,Economy,144,DAL-LGA,697,Sheri Gordon
rhightower@vizpainter.com,False,9/4/2017,9/30/2017,Economy,92,DAL-MDW,636,Ritsa Hightower
rschwarz@vizpainter.com,False,9/4/2017,10/6/2017,First Class,248,DAL-MDW,650,Roland Schwarz
cphan@vizpainter.com,False,9/29/2017,11/7/2017,Economy,115,DAL-PHX,155,Christine Phan
fharton@vizpainter.com,False,11/16/2017,12/11/2017,Economy,134,DAL-OKC,289,Fred Harton
lhaushalter@vizpainter.com,False,10/11/2017,11/10/2017,Economy,91,DAL-AUS,476,Logan Haushalter
tbrockman@vizpainter.com,True,10/25/2017,11/27/2017,Economy,74,DAL-HOU,749,Tim Brockman
jgarza@vizpainter.com,False,2/28/2017,3/18/2017,First Class,257,DAL-SLC,340,Jack Garza
aferguson@vizpainter.com,False,9/22/2017,11/30/2017,Economy,79,DAL-HOU,58,Art Ferguson
mlee@vizpainter.com,False,6/9/2017,8/12/2017,Economy,108,DAL-MDW,550,Muhammed Lee
tritter@vizpainter.com,True,7/12/2017,11/3/2017,Economy,64,DAL-ELP,754,Toby Ritter
mbrown@vizpainter.com,False,6/28/2017,7/15/2017,Economy,61,DAL-LAS,538,Mick Brown
csayre@vizpainter.com,False,5/27/2017,7/13/2017,Economy,126,DAL-AUS,122,Cari Sayre
swooten@vizpainter.com,True,8/27/2017,9/18/2017,Economy,74,DAL-SLC,682,Scot Wooten
handreada@vizpainter.com,False,8/16/2017,9/5/2017,Economy,88,DAL-PHX,327,Helen Andreada
cprescott@vizpainter.com,False,10/19/2017,11/1/2017,Economy,97,DAL-PHX,138,Cathy Prescott
ahawkins@vizpainter.com,False,2/20/2017,5/12/2017,Economy,64,DAL-ATL,2,Aaron Hawkins
azypern@vizpainter.com,False,7/29/2017,11/13/2017,Economy,162,DAL-SLC,50,Annie Zypern
rphan@vizpainter.com,False,10/8/2017,12/11/2017,Economy,153,DAL-LGA,656,Roy Phan
bfritzler@vizpainter.com,False,2/18/2017,3/23/2017,Business,134,DAL-AUS,85,Beth Fritzler
ghale,True,8/14/2017,11/30/2017,Economy,139,DAL-MDW,298,Gene Hale
ccarreira@vizpainter.com,False,12/8/2016,1/27/2017,First Class,261,DAL-SEA,177,Craig Carreira
ttaslimi@vizpainter.com,False,8/28/2017,11/5/2017,Economy,116,DAL-LGA,750,Tim Taslimi
nchilds@vizpainter.com,False,9/17/2017,11/19/2017,Business,158,DAL-AUS,574,Noah Childs
asteele@vizpainter.com,False,9/23/2017,10/1/2017,Business,110,DAL-AMA,42,Ann Steele
bdodson@vizpainter.com,False,8/20/2017,10/1/2017,Economy,101,DAL-MDW,104,Brendan Dodson
tboland@vizpainter.com,False,3/13/2017,4/10/2017,Economy,98,DAL-ATL,744,Thomas Boland
ldecherney@vizpainter.com,True,12/10/2017,12/31/2017,Economy,149,DAL-AUS,466,Lisa DeCherney
kferguson@vizpainter.com,False,11/8/2017,11/19/2017,Economy,80,DAL-PHX,418,Karen Ferguson
rbradley@vizpainter.com,False,10/22/2017,12/8/2017,Economy,87,DAL-HOU,621,Randy Bradley
esmith@vizpainter.com,True,12/12/2017,12/25/2017,Economy,145,DAL-GRR,267,Erica Smith
ccatlett@vizpainter.com,True,3/25/2017,5/16/2017,Economy,157,DAL-AUS,173,Corey Catlett
mjones@vizpainter.com,False,10/8/2017,11/18/2017,Economy,112,DAL-OKC,515,Max Jones
kedelman@vizpainter.com,True,11/28/2017,12/29/2017,Economy,158,DAL-ELP,427,Katrina Edelman
ahaines@vizpainter.com,False,9/16/2017,11/13/2017,Business,81,DAL-AUS,13,Alan Haines
bbowman@vizpainter.com,False,8/21/2017,10/8/2017,Economy,98,DAL-ELP,103,Brenda Bowman
sann@vizpainter.com,True,7/19/2017,8/23/2017,First Class,228,DAL-ELP,721,Sue Ann Reed
jlebron@vizpainter.com,False,5/27/2017,6/12/2017,Economy,64,DAL-HOU,341,Jack Lebron
dbickford@vizpainter.com,False,8/17/2017,9/30/2017,Business,120,DAL-SLC,240,Doug Bickford
,False,12/13/2017,12/31/2017,Economy,62,DAL-LAS,679,Sarah Foster
msatty@vizpainter.com,False,10/1/2017,10/14/2017,Business,172,DAL-ELP,513,Maurice Satty
mchen@vizpainter.com,True,1/31/2017,2/13/2017,Economy,86,DAL-LGA,522,Michael Chen
hwasserman@vizpainter.com,False,11/26/2017,12/27/2017,Economy,103,DAL-ATL,328,Helen Wasserman
snguyen@vizpainter.com,False,8/26/2017,10/2/2017,Economy,125,DAL-AUS,713,Steve Nguyen
kthornton@vizpainter.com,False,5/23/2017,6/29/2017,Business,105,DAL-LGA,431,Kean Thornton
jcaffey@vizpainter.com,False,11/27/2017,12/22/2017,Economy,159,DAL-GRR,358,Jenna Caffey
mcousins@vizpainter.com,False,9/9/2017,12/24/2017,Economy,85,DAL-AUS,494,Mark Cousins
dbrooks@vizpainter.com,True,9/21/2017,12/11/2017,Business,177,DAL-LAS,203,Dave Brooks
dpoirier@vizpainter.com,False,7/12/2017,11/17/2017,Economy,142,DAL-HOU,206,Dave Poirier
spak@vizpainter.com,False,8/13/2017,9/22/2017,Economy,106,DAL-CLE,723,Sung Pak
bweirich@vizpainter.com,True,5/15/2017,7/9/2017,Economy,91,DAL-LAS,71,Barry Weirich
rd'ascenzo@vizpainter.com,False,11/10/2017,12/3/2017,Economy,152,DAL-GRR,661,Russell D'Ascenzo
jeaton@vizpainter.com,False,5/3/2017,5/17/2017,Business,156,DAL-SEA,382,Joel Eaton
kcarter@vizpainter.com,False,10/8/2016,2/13/2017,Economy,112,DAL-PHX,444,Kimberly Carter
rhaberlin@vizpainter.com,True,5/26/2017,6/30/2017,Economy,84,DAL-MDW,639,Rob Haberlin
bgillingham@vizpainter.com,False,1/12/2017,3/23/2017,Economy,159,DAL-AUS,113,Brooke Gillingham
bdonatelli@vizpainter.com,False,10/23/2017,11/25/2017,Economy,126,DAL-ATL,88,Bill Donatelli
agrove@vizpainter.com,False,8/4/2017,10/17/2017,Economy,119,DAL-LAS,18,Alejandro Grove
rausman@vizpainter.com,False,4/2/2017,4/15/2017,Business,140,DAL-GRR,658,Ruben Ausman
dkendrick@vizpainter.com,False,9/9/2017,9/22/2017,Economy,68,DAL-OKC,209,David Kendrick
jlonsdale@vizpainter.com,True,10/10/2017,11/17/2017,Economy,111,DAL-AUS,366,Jeremy Lonsdale
kseio@vizpainter.com,False,5/30/2017,7/10/2017,Economy,117,DAL-OKC,419,Karen Seio
mgockenbach@vizpainter.com,False,3/4/2017,4/8/2017,Economy,60,DAL-HOU,542,Mike Gockenbach
ccheatham@vizpainter.com,False,7/16/2017,9/8/2017,Economy,145,DAL-AUS,169,Clay Cheatham
kwillman@vizpainter.com,False,10/17/2017,11/2/2017,Economy,97,DAL-AMA,428,Katrina Willman
abergman@vizpainter.com,False,8/23/2017,10/7/2017,Economy,70,DAL-MDW,1,Aaron Bergman
sgordon@vizpainter.com,False,8/9/2017,9/24/2017,Economy,91,DAL-OKC,697,Sheri Gordon
cphan@vizpainter.com,False,9/28/2017,11/7/2017,Economy,103,DAL-LGA,155,Christine Phan
nmurray@vizpainter.com,False,6/21/2017,8/7/2017,First Class,232,DAL-ATL,567,Neoma Murray
fharton@vizpainter.com,False,11/10/2017,12/11/2017,Economy,86,DAL-AUS,289,Fred Harton
bstugart@vizpainter.com,False,1/17/2017,3/31/2017,Economy,61,DAL-AUS,111,Brian Stugart
tbrockman@vizpainter.com,True,9/24/2017,11/27/2017,Economy,117,DAL-MDW,749,Tim Brockman
mlee@vizpainter.com,False,5/23/2017,8/12/2017,Economy,107,DAL-HOU,550,Muhammed Lee
pmcvee@vizpainter.com,False,6/14/2017,6/25/2017,Business,135,DAL-PHX,608,Peter McVee
rapplegate@vizpainter.com,True,9/12/2017,9/29/2017,Economy,64,DAL-HOU,660,Russell Applegate
mbrown@vizpainter.com,False,5/4/2017,7/15/2017,First Class,307,DAL-AUS,538,Mick Brown
csayre@vizpainter.com,False,5/14/2017,7/13/2017,Economy,104,DAL-HOU,122,Cari Sayre
knunn@vizpainter.com,False,3/15/2017,6/4/2017,Economy,82,DAL-SEA,446,Kristina Nunn
kheidel@vizpainter.com,True,2/7/2017,3/5/2017,Economy,156,DAL-AMA,441,Ken Heidel
mclasen@vizpainter.com,False,11/29/2017,12/16/2017,First Class,307,DAL-HOU,508,Matthew Clasen
azypern@vizpainter.com,False,9/4/2017,11/13/2017,Business,140,DAL-AMA,50,Annie Zypern
rphan@vizpainter.com,False,11/22/2017,12/11/2017,Economy,116,DAL-MDW,656,Roy Phan
ghale,False,11/15/2017,11/30/2017,Economy,76,DAL-HOU,298,Gene Hale
sbrown@vizpainter.com,False,5/20/2017,6/23/2017,Economy,116,DAL-AUS,678,Sarah Brown
cadams@vizpainter.com,False,6/28/2017,8/3/2017,Economy,106,DAL-MDW,130,Carol Adams
croper@vizpainter.com,False,9/8/2017,9/17/2017,Economy,79,DAL-MDW,174,Corey Roper
tbutterfield@vizpainter.com,False,4/14/2017,4/25/2017,First Class,239,DAL-PHX,736,Ted Butterfield
ttaslimi@vizpainter.com,False,8/31/2017,11/5/2017,Economy,104,DAL-PHX,750,Tim Taslimi
bthompson@vizpainter.com,False,9/1/2017,9/19/2017,Economy,158,DAL-HOU,87,Beth Thompson
rdemir@vizpainter.com,False,6/12/2017,9/2/2017,Economy,149,DAL-ELP,647,Roger Demir
bdodson@vizpainter.com,False,8/28/2017,10/1/2017,Economy,71,DAL-AMA,104,Brendan Dodson
tboland@vizpainter.com,False,3/8/2017,4/10/2017,Business,121,DAL-LGA,744,Thomas Boland
hryan@vizpainter.com,False,12/28/2016,3/22/2017,Economy,117,DAL-LGA,321,Harold Ryan
jmitchum@vizpainter.com,False,6/15/2017,7/19/2017,Economy,144,DAL-ELP,376,Jim Mitchum
ccatlett@vizpainter.com,False,4/29/2017,5/16/2017,Economy,137,DAL-AUS,173,Corey Catlett
mjones@vizpainter.com,False,10/4/2017,11/18/2017,Economy,145,DAL-SLC,515,Max Jones
sann@vizpainter.com,False,7/28/2017,8/23/2017,Economy,127,DAL-GRR,721,Sue Ann Reed
jlebron@vizpainter.com,False,4/29/2017,6/12/2017,Economy,153,DAL-MDW,341,Jack Lebron
mhernandez@vizpainter.com,False,11/26/2017,12/18/2017,Economy,152,DAL-LGA,540,Mick Hernandez
,False,11/21/2017,12/31/2017,Economy,117,DAL-PHX,679,Sarah Foster
kducich@vizpainter.com,False,11/4/2017,11/30/2017,Economy,153,DAL-LGA,422,Katherine Ducich
ngelder@vizpainter.com,False,9/29/2017,10/20/2017,Economy,153,DAL-LGA,561,Nathan Gelder
gkelly@vizpainter.com,True,8/7/2017,9/12/2017,Economy,99,DAL-MDW,307,Grace Kelly
scohen@vizpainter.com,False,3/18/2017,6/2/2017,Economy,126,DAL-AUS,683,Scott Cohen
ephan@vizpainter.com,False,11/24/2017,12/31/2017,Economy,114,DAL-LGA,260,Emily Phan
msatty@vizpainter.com,False,7/14/2017,10/14/2017,Business,120,DAL-PHX,513,Maurice Satty
dpoirier@vizpainter.com,False,9/11/2017,12/7/2017,Economy,131,DAL-TUL,206,Dave Poirier
jcaffey@vizpainter.com,True,11/5/2017,12/22/2017,Economy,119,DAL-LGA,358,Jenna Caffey
dpoirier@vizpainter.com,False,9/4/2017,11/17/2017,Economy,90,DAL-CLE,206,Dave Poirier
bweirich@vizpainter.com,True,6/21/2017,7/9/2017,Economy,121,DAL-SEA,71,Barry Weirich
rd'ascenzo@vizpainter.com,False,9/24/2017,12/3/2017,Economy,84,DAL-MDW,661,Russell D'Ascenzo
jeaton@vizpainter.com,False,3/2/2017,5/17/2017,First Class,265,DAL-AMA,382,Joel Eaton
nfritzler@vizpainter.com,True,8/6/2017,8/23/2017,Economy,68,DAL-LAS,558,Natalie Fritzler
rhaberlin@vizpainter.com,True,6/15/2017,6/30/2017,Economy,156,DAL-HOU,639,Rob Haberlin
bdonatelli@vizpainter.com,False,11/13/2017,11/25/2017,First Class,267,DAL-ATL,88,Bill Donatelli
jepp@vizpainter.com,False,4/30/2017,6/3/2017,Business,98,DAL-AUS,373,Jim Epp
sholloman@vizpainter.com,False,10/22/2017,12/1/2017,Economy,102,DAL-HOU,708,Stefanie Holloman
mdominguez@vizpainter.com,False,9/5/2017,11/9/2017,Business,171,DAL-AMA,523,Michael Dominguez
kseio@vizpainter.com,True,6/4/2017,7/10/2017,Economy,129,DAL-OKC,419,Karen Seio
mlee@vizpainter.com,False,8/9/2017,12/13/2017,Economy,109,DAL-ATL,550,Muhammed Lee
ccheatham@vizpainter.com,False,8/23/2017,9/8/2017,Economy,125,DAL-AMA,169,Clay Cheatham
mhuthwaite@vizpainter.com,False,3/16/2017,4/4/2017,Economy,118,DAL-GRR,534,Michelle Huthwaite
jwest@vizpainter.com,False,10/26/2017,11/2/2017,Business,134,DAL-LGA,404,Julia West
bstewart,False,7/9/2017,9/19/2017,Economy,109,DAL-SLC,117,Bruce Stewart
rhightower@vizpainter.com,False,9/15/2017,9/30/2017,Economy,78,DAL-AUS,636,Ritsa Hightower
cphan@vizpainter.com,False,9/30/2017,11/7/2017,Economy,129,DAL-OKC,155,Christine Phan
nmurray@vizpainter.com,True,6/23/2017,8/7/2017,Economy,102,DAL-SLC,567,Neoma Murray
fharton@vizpainter.com,True,11/24/2017,12/11/2017,Economy,135,DAL-AUS,289,Fred Harton
mlee@vizpainter.com,False,6/29/2017,8/12/2017,First Class,305,DAL-OKC,550,Muhammed Lee
jfortune-@vizpainter.com,True,11/17/2017,12/24/2017,Economy,131,DAL-PHX,352,Jason Fortune-
rapplegate@vizpainter.com,True,9/12/2017,9/29/2017,Economy,159,DAL-PHX,660,Russell Applegate
jcastell@vizpainter.com,False,1/18/2017,2/4/2017,Economy,120,DAL-AUS,384,John Castell
jpatt@vizpainter.com,True,11/22/2017,12/20/2017,Business,94,DAL-GRR,363,Jennifer Patt
tseio@vizpainter.com,False,11/21/2017,12/11/2017,Business,144,DAL-AUS,746,Thomas Seio
knunn@vizpainter.com,False,3/24/2017,6/4/2017,Economy,86,DAL-ATL,446,Kristina Nunn
kheidel@vizpainter.com,False,1/10/2017,3/5/2017,Economy,77,DAL-LAS,441,Ken Heidel
azypern@vizpainter.com,False,10/25/2017,11/13/2017,Economy,103,DAL-AUS,50,Annie Zypern
ghale,False,9/5/2017,11/30/2017,Economy,80,DAL-AUS,298,Gene Hale
sbrown@vizpainter.com,False,5/6/2017,6/23/2017,Economy,129,DAL-HOU,678,Sarah Brown
jmyrick@vizpainter.com,False,8/15/2017,10/9/2017,Economy,72,DAL-OKC,368,Jessica Myrick
croper@vizpainter.com,True,7/28/2017,9/17/2017,Economy,71,DAL-ATL,174,Corey Roper
mstewart@vizpainter.com,False,10/23/2017,11/10/2017,First Class,222,DAL-ELP,531,Michael Stewart
tbutterfield@vizpainter.com,False,4/14/2017,4/25/2017,Business,88,DAL-OKC,736,Ted Butterfield
bthompson@vizpainter.com,False,9/6/2017,9/19/2017,Economy,77,DAL-ELP,87,Beth Thompson
rdemir@vizpainter.com,False,8/23/2017,9/2/2017,Economy,62,DAL-HOU,647,Roger Demir
cabelman@vizpainter.com,False,8/29/2017,9/17/2017,Economy,77,DAL-MDW,153,Christine Abelman
pjohnson@vizpainter.com,True,6/7/2017,7/2/2017,Economy,99,DAL-GRR,600,Pauline Johnson
tboland@vizpainter.com,False,3/17/2017,4/10/2017,Economy,68,DAL-HOU,744,Thomas Boland
lblacks@vizpainter.com,False,8/1/2017,9/8/2017,Economy,127,DAL-LGA,448,Larry Blacks
hryan@vizpainter.com,False,2/16/2017,3/22/2017,Economy,65,DAL-MDW,321,Harold Ryan
xx,True,9/7/2017,11/14/2017,Economy,100,DAL-AUS,763,Tony Chapman
fcarlisle@vizpainter.com,True,3/14/2017,4/21/2017,First Class,286,DAL-ATL,282,Frank Carlisle
mgnade@vizpainter.com,False,3/17/2017,4/7/2017,Economy,72,DAL-GRR,512,Maureen Gnade
cjackson@vizpainter.com,True,7/6/2017,9/11/2017,Business,121,DAL-LAS,124,Carl Jackson
mjones@vizpainter.com,False,8/25/2017,11/18/2017,Economy,151,DAL-LGA,515,Max Jones
fmerwin@vizpainter.com,False,4/4/2017,6/17/2017,Economy,97,DAL-AUS,285,Frank Merwin
rwaldorf@vizpainter.com,False,10/29/2017,11/14/2017,First Class,215,DAL-ELP,645,Robert Waldorf
beason@vizpainter.com,False,4/1/2017,5/2/2017,Business,159,DAL-PHX,97,Brad Eason
iliston@vizpainter.com,False,9/10/2017,11/29/2017,Economy,69,DAL-PHX,339,Ivan Liston
jlebron@vizpainter.com,False,5/7/2017,6/12/2017,Economy,126,DAL-MDW,341,Jack Lebron
mhernandez@vizpainter.com,True,11/12/2017,12/18/2017,Economy,121,DAL-TUL,540,Mick Hernandez
kducich@vizpainter.com,False,11/17/2017,11/30/2017,Business,96,DAL-AUS,422,Katherine Ducich
scohen@vizpainter.com,False,4/29/2017,6/2/2017,Economy,151,DAL-MDW,683,Scott Cohen
msatty@vizpainter.com,False,9/16/2017,10/14/2017,Economy,64,DAL-ELP,513,Maurice Satty
hwasserman@vizpainter.com,False,11/13/2017,12/27/2017,Economy,89,DAL-ELP,328,Helen Wasserman
ajacobs@vizpainter.com,False,1/29/2017,5/9/2017,Economy,63,DAL-OKC,52,Anthony Jacobs
dkotsonis@vizpainter.com,False,6/15/2017,9/4/2017,Economy,65,DAL-HOU,188,Damala Kotsonis
pprost@vizpainter.com,False,3/24/2017,5/5/2017,Economy,97,DAL-GRR,596,Paul Prost
jholt@vizpainter.com,False,9/1/2017,11/9/2017,Economy,105,DAL-LAS,398,Joseph Holt
jmartin@vizpainter.com,False,11/24/2017,12/9/2017,First Class,255,DAL-SEA,349,Janet Martin
jeaton@vizpainter.com,False,4/2/2017,5/17/2017,Economy,87,DAL-ATL,382,Joel Eaton
nfritzler@vizpainter.com,False,8/2/2017,8/23/2017,Business,154,DAL-AUS,558,Natalie Fritzler
jepp@vizpainter.com,False,4/9/2017,6/3/2017,Business,177,DAL-HOU,373,Jim Epp
kseio@vizpainter.com,False,6/19/2017,7/10/2017,Economy,109,DAL-MDW,419,Karen Seio
bdecherney@vizpainter.com,False,12/22/2017,12/31/2017,Economy,105,DAL-AUS,108,Brian DeCherney
ngelder@vizpainter.com,False,1/23/2017,3/7/2017,Economy,114,DAL-AMA,561,Nathan Gelder
mhuthwaite@vizpainter.com,False,3/8/2017,4/4/2017,Economy,158,DAL-HOU,534,Michelle Huthwaite
nradford@vizpainter.com,True,7/11/2017,9/1/2017,Economy,155,DAL-AUS,569,Nick Radford
svan@vizpainter.com,False,9/5/2017,9/24/2017,Economy,118,DAL-ELP,720,Stuart Van
rhightower@vizpainter.com,False,9/9/2017,9/30/2017,Economy,130,DAL-GRR,636,Ritsa Hightower
tnorvell@vizpainter.com,False,6/25/2017,7/20/2017,Economy,135,DAL-HOU,735,Tanja Norvell
fharton@vizpainter.com,False,9/27/2017,12/11/2017,Economy,86,DAL-ATL,289,Fred Harton
mlee@vizpainter.com,False,6/27/2017,8/12/2017,Business,119,DAL-PHX,550,Muhammed Lee
jmyrick@vizpainter.com,True,7/20/2017,8/16/2017,Business,130,DAL-SEA,368,Jessica Myrick
pnorris@vizpainter.com,False,11/2/2017,11/22/2017,Economy,103,DAL-GRR,584,Parhena Norris
ejacobs@vizpainter.com,False,1/19/2017,3/20/2017,Economy,98,DAL-MDW,276,Eva Jacobs
arosenblatt@vizpainter.com,False,12/8/2017,12/31/2017,Economy,90,DAL-GRR,27,Allen Rosenblatt
jpatt@vizpainter.com,False,10/29/2017,12/20/2017,Economy,99,DAL-GRR,363,Jennifer Patt
dleinenbach@vizpainter.com,False,9/5/2017,11/28/2017,Economy,121,DAL-AUS,221,Denise Leinenbach
sbrown@vizpainter.com,False,4/2/2017,6/23/2017,Economy,64,DAL-OKC,678,Sarah Brown
mschwartz@vizpainter.com,False,10/25/2017,12/29/2017,Economy,73,DAL-PHX,517,Maxwell Schwartz
dflashing@vizpainter.com,False,9/23/2017,11/26/2017,Business,141,DAL-AUS,208,David Flashing
csievert@vizpainter.com,False,2/25/2017,4/2/2017,Economy,150,DAL-AUS,141,Chad Sievert
dbremer@vizpainter.com,True,10/2/2017,12/6/2017,Economy,62,DAL-PHX,207,David Bremer
jrupert@vizpainter.com,False,1/15/2017,2/18/2017,Economy,118,DAL-HOU,379,Jocasta Rupert
cstewart@vizpainter.com,True,6/14/2017,9/27/2017,Economy,151,DAL-MDW,166,Cindy Stewart
bblumstein@vizpainter.com,False,11/17/2017,12/26/2017,Economy,80,DAL-GRR,66,Barry Blumstein
rdemir@vizpainter.com,False,8/22/2017,9/2/2017,Economy,98,DAL-TUL,647,Roger Demir
dbremer@vizpainter.com,False,10/26/2017,12/15/2017,Economy,138,DAL-HOU,207,David Bremer
ktakahito@vizpainter.com,False,2/27/2017,4/19/2017,Economy,112,DAL-LGA,430,Kean Takahito
tboland@vizpainter.com,True,3/14/2017,4/10/2017,Business,135,DAL-AUS,744,Thomas Boland
schance,False,11/8/2016,1/29/2017,Economy,143,DAL-PHX,695,Shaun Chance
rfranzösisch@vizpainter.com,False,4/26/2017,6/25/2017,Economy,70,DAL-OKC,655,Roy Französisch
fcarlisle@vizpainter.com,False,1/24/2017,4/21/2017,Economy,104,DAL-PHX,282,Frank Carlisle
mgnade@vizpainter.com,True,1/14/2017,4/7/2017,Economy,141,DAL-LGA,512,Maureen Gnade
mhaberlin@vizpainter.com,False,5/27/2017,7/27/2017,Economy,73,DAL-AUS,495,Mark Haberlin
djoy@vizpainter.com,False,7/3/2017,9/8/2017,Economy,114,DAL-HOU,227,Denny Joy
dkendrick@vizpainter.com,False,8/19/2017,10/17/2017,Economy,70,DAL-PHX,209,David Kendrick
rwaldorf@vizpainter.com,False,9/30/2017,11/14/2017,Business,110,DAL-OKC,645,Robert Waldorf
dkatz@vizpainter.com,False,9/7/2017,9/27/2017,Economy,91,DAL-ATL,214,Dean Katz
jlebron@vizpainter.com,False,5/5/2017,6/12/2017,Economy,115,DAL-PHX,341,Jack Lebron
mhernandez@vizpainter.com,False,11/26/2017,12/18/2017,Economy,110,DAL-OKC,540,Mick Hernandez
marnett@vizpainter.com,True,10/19/2017,11/6/2017,Economy,86,DAL-AMA,532,Michelle Arnett
hwasserman@vizpainter.com,False,12/11/2017,12/27/2017,Economy,93,DAL-HOU,328,Helen Wasserman
dkotsonis@vizpainter.com,True,7/13/2017,9/4/2017,Economy,133,DAL-HOU,188,Damala Kotsonis
pprost@vizpainter.com,False,3/17/2017,5/5/2017,Economy,95,DAL-HOU,596,Paul Prost
carntzen@vizpainter.com,False,2/10/2017,3/26/2017,Economy,69,DAL-LGA,184,Cynthia Arntzen
jeaton@vizpainter.com,True,4/30/2017,5/17/2017,Economy,84,DAL-HOU,382,Joel Eaton
dbadders@vizpainter.com,False,4/26/2017,5/28/2017,Economy,124,DAL-AMA,236,Dorothy Badders
reichhorn@vizpainter.com,False,11/10/2017,12/17/2017,Economy,134,DAL-GRR,629,Richard Eichhorn
rkennedy@vizpainter.com,False,7/7/2017,7/31/2017,Economy,154,DAL-LGA,619,Ralph Kennedy
gbell@vizpainter.com,False,4/25/2017,5/3/2017,Economy,111,DAL-LAS,301,George Bell
mgockenbach@vizpainter.com,False,3/13/2017,4/8/2017,Economy,129,DAL-ATL,542,Mike Gockenbach
bsweed@vizpainter.com,False,10/4/2017,12/4/2017,Economy,134,DAL-LAS,106,Brendan Sweed
mhuthwaite@vizpainter.com,False,3/12/2017,4/4/2017,Economy,141,DAL-SFO,534,Michelle Huthwaite
rhightower@vizpainter.com,False,8/11/2017,9/30/2017,First Class,249,DAL-MDW,636,Ritsa Hightower
jgalang@vizpainter.com,False,9/5/2017,10/15/2017,Business,166,DAL-LAS,343,James Galang
spistek@vizpainter.com,False,4/20/2017,5/16/2017,Economy,63,DAL-LGA,727,Susan Pistek
tprescott@vizpainter.com,False,1/31/2017,2/13/2017,Economy,122,DAL-ATL,760,Tom Prescott
mlee@vizpainter.com,False,5/5/2017,8/12/2017,Business,91,DAL-PHX,550,Muhammed Lee
mlee@vizpainter.com,False,5/30/2017,8/12/2017,Business,166,DAL-ELP,550,Muhammed Lee
ejacobs@vizpainter.com,False,2/2/2017,3/20/2017,Economy,68,DAL-AUS,276,Eva Jacobs
mgastineau@vizpainter.com,False,9/17/2017,11/27/2017,Economy,142,DAL-SLC,511,Maureen Gastineau
bfritzler@vizpainter.com,False,12/27/2016,3/23/2017,Economy,58,DAL-SEA,85,Beth Fritzler
rbuch@vizpainter.com,False,9/14/2017,10/17/2017,Business,98,DAL-SLC,623,Raymond Buch
tstivers@vizpainter.com,False,11/19/2017,12/4/2017,Economy,76,DAL-ELP,761,Tom Stivers
amcfarland@vizpainter.com,False,10/13/2017,11/26/2017,Economy,137,DAL-AUS,47,Anne McFarland
dbremer@vizpainter.com,True,9/20/2017,12/6/2017,Economy,78,DAL-LAS,207,David Bremer
jrupert@vizpainter.com,False,1/23/2017,2/18/2017,Economy,91,DAL-GRR,379,Jocasta Rupert
ttaslimi@vizpainter.com,True,9/9/2017,11/5/2017,Economy,66,DAL-OKC,750,Tim Taslimi
nchilds@vizpainter.com,False,7/17/2017,11/19/2017,Economy,131,DAL-LGA,574,Noah Childs
educich@vizpainter.com,False,6/28/2017,7/16/2017,Economy,102,DAL-LAS,258,Emily Ducich
nradford@vizpainter.com,False,7/19/2017,9/30/2017,Economy,115,DAL-LGA,569,Nick Radford
tbrumley@vizpainter.com,False,7/24/2017,8/19/2017,Economy,83,DAL-MDW,745,Thomas Brumley
cjackson@vizpainter.com,False,11/30/2016,2/6/2017,Business,142,DAL-OKC,124,Carl Jackson
kferguson@vizpainter.com,True,9/24/2017,11/19/2017,Business,172,DAL-AUS,418,Karen Ferguson
fcarlisle@vizpainter.com,False,2/18/2017,4/21/2017,Economy,65,DAL-AUS,282,Frank Carlisle
carmstrong@vizpainter.com,False,6/17/2017,9/23/2017,Economy,103,DAL-LAS,136,Cathy Armstrong
mhaberlin@vizpainter.com,False,6/22/2017,7/27/2017,Economy,64,DAL-LAS,495,Mark Haberlin
djoy@vizpainter.com,True,6/29/2017,9/8/2017,Economy,89,DAL-OKC,227,Denny Joy
dkendrick@vizpainter.com,True,10/10/2017,10/17/2017,First Class,235,DAL-PHX,209,David Kendrick
aarmold@vizpainter.com,False,4/14/2017,5/12/2017,Economy,125,DAL-AUS,25,Allen Armold
sann@vizpainter.com,False,8/7/2017,8/23/2017,Economy,83,DAL-CLE,721,Sue Ann Reed
jlebron@vizpainter.com,False,5/29/2017,6/12/2017,Economy,149,DAL-ATL,341,Jack Lebron
educich@vizpainter.com,True,8/18/2017,8/28/2017,Economy,160,DAL-SLC,258,Emily Ducich
rcollins@vizpainter.com,False,8/3/2017,9/15/2017,Business,113,DAL-SEA,654,Roy Collins
dbyrd@vizpainter.com,False,9/6/2017,9/28/2017,Economy,112,DAL-LAS,193,Daniel Byrd
lryan@vizpainter.com,False,8/20/2017,11/27/2017,Business,141,DAL-HOU,468,Lisa Ryan
dwardle@vizpainter.com,False,1/31/2017,3/17/2017,Economy,107,DAL-OKC,238,Dorothy Wardle
kbern@vizpainter.com,True,7/30/2017,9/23/2017,Economy,127,DAL-MDW,415,Karen Bern
hgoldwyn@vizpainter.com,False,4/11/2017,5/8/2017,Economy,91,DAL-OKC,330,Henry Goldwyn
mpelletier@vizpainter.com,False,10/8/2017,11/9/2017,Business,121,DAL-SEA,544,Mike Pelletier
xxx,False,9/25/2017,10/27/2017,Business,102,DAL-AMA,347,Jane Waco
ncrebassa@vizpainter.com,False,5/20/2017,6/20/2017,Economy,139,DAL-MDW,568,Nick Crebassa
tboeckenhauer@vizpainter.com,True,3/18/2017,4/10/2017,Economy,137,DAL-PHX,759,Tom Boeckenhauer
mvittorini@vizpainter.com,False,10/2/2017,10/24/2017,Business,176,DAL-PHX,545,Mike Vittorini
dvan@vizpainter.com,False,1/19/2017,3/12/2017,Economy,114,DAL-LAS,202,Darrin Van Huff
knguyen@vizpainter.com,False,7/3/2017,8/28/2017,Economy,135,DAL-TUL,429,Kean Nguyen
lryan@vizpainter.com,False,7/11/2017,9/7/2017,Economy,64,DAL-MDW,468,Lisa Ryan
tdahlen@vizpainter.com,True,9/22/2017,12/4/2017,Business,169,DAL-OKC,732,Tamara Dahlen
bvenier@vizpainter.com,False,5/19/2017,6/22/2017,Economy,101,DAL-ATL,83,Benjamin Venier
szeldin@vizpainter.com,True,10/24/2017,11/30/2017,Business,88,DAL-OKC,668,Sam Zeldin
ashami@vizpainter.com,False,5/25/2017,7/1/2017,Economy,67,DAL-HOU,9,Adrian Shami
povercash@vizpainter.com,False,11/6/2017,12/27/2017,Economy,74,DAL-AMA,611,Philisse Overcash
rmesse@vizpainter.com,False,4/27/2017,7/17/2017,First Class,239,DAL-ATL,624,Raymond Messe
agoldenen@vizpainter.com,True,3/28/2017,6/15/2017,Economy,145,DAL-HOU,26,Allen Goldenen
metezadi@vizpainter.com,False,6/23/2017,7/20/2017,Economy,145,DAL-LAS,487,Maria Etezadi
darnett@vizpainter.com,False,6/13/2017,8/26/2017,Economy,112,DAL-ELP,229,Dianna Arnett
cconant@vizpainter.com,False,7/9/2017,8/6/2017,Economy,73,DAL-TUL,157,Christopher Conant
sweien@vizpainter.com,False,2/26/2017,5/7/2017,Economy,136,DAL-ATL,696,Shaun Weien
hkirkland@vizpainter.com,True,10/1/2017,12/16/2017,Economy,126,DAL-OKC,325,Heather Kirkland
mpelletier@vizpainter.com,False,10/8/2017,11/25/2017,Economy,103,DAL-AUS,544,Mike Pelletier
mseite@vizpainter.com,True,4/28/2017,7/26/2017,Economy,68,DAL-HOU,521,Melanie Seite
lweiss@vizpainter.com,False,9/11/2017,9/26/2017,Economy,109,DAL-ATL,480,Luke Weiss
pbrown@vizpainter.com,True,10/25/2017,12/15/2017,Economy,132,DAL-PHX,609,Philip Brown
dkane@vizpainter.com,False,11/4/2017,12/20/2017,Economy,116,DAL-HOU,224,Dennis Kane
sjordon@vizpainter.com,False,10/23/2017,12/10/2017,Economy,127,DAL-OKC,680,Sarah Jordon
jprescott@vizpainter.com,False,11/3/2017,12/16/2017,Economy,155,DAL-SLC,408,Julie Prescott
abixby@vizpainter.com,False,11/12/2017,12/8/2017,Economy,90,DAL-LGA,10,Aimee Bixby
dmedina@vizpainter.com,False,3/27/2017,6/19/2017,Economy,118,DAL-ATL,196,Dario Medina
kbern@vizpainter.com,False,8/29/2017,9/23/2017,Economy,122,DAL-PHX,415,Karen Bern
jhalladay@vizpainter.com,False,10/30/2017,12/10/2017,Economy,135,DAL-PHX,361,Jennifer Halladay
agerbode@vizpainter.com,False,9/5/2017,11/19/2017,Economy,146,DAL-HOU,35,Andy Gerbode
ndecherney@vizpainter.com,False,9/3/2017,9/19/2017,Economy,97,DAL-SLC,557,Natalie DeCherney
ldonovan@vizpainter.com,False,10/28/2017,11/19/2017,Economy,65,DAL-HOU,456,Lela Donovan
mcrier@vizpainter.com,False,10/17/2017,11/20/2017,Economy,146,DAL-LGA,484,Marc Crier
tboeckenhauer@vizpainter.com,False,3/17/2017,4/10/2017,Economy,61,DAL-ELP,759,Tom Boeckenhauer
dvan@vizpainter.com,False,1/3/2017,3/12/2017,Economy,123,DAL-OKC,202,Darrin Van Huff
tsissman@vizpainter.com,False,8/29/2017,11/29/2017,Economy,81,DAL-MDW,738,Thais Sissman
jbell-@vizpainter.com,False,6/28/2017,7/9/2017,First Class,288,DAL-AUS,399,Joy Bell-
x,True,10/31/2017,12/9/2017,Economy,142,DAL-HOU,699,Shirley Jackson
lshagiari@vizpainter.com,False,11/25/2017,12/10/2017,Economy,152,DAL-SFO,464,Lindsay Shagiari
pjones@vizpainter.com,False,10/21/2017,12/2/2017,Economy,94,DAL-AMA,588,Patrick Jones
mmoore@vizpainter.com,False,5/30/2017,7/10/2017,Business,106,DAL-MDW,527,Michael Moore
xx,False,5/27/2017,6/23/2017,Economy,143,DAL-OKC,445,Kristen Hastings
bgeld@vizpainter.com,False,7/8/2017,9/11/2017,Economy,154,DAL-CLE,116,Bruce Geld
ecreighton@vizpainter.com,True,12/20/2016,3/2/2017,Business,90,DAL-SLC,269,Erin Creighton
hredmond@vizpainter.com,False,11/12/2017,12/9/2017,Economy,124,DAL-OKC,317,Hallie Redmond
mtillman@vizpainter.com,False,4/20/2017,6/2/2017,Economy,99,DAL-PHX,520,Meg Tillman
darnett@vizpainter.com,False,7/30/2017,9/7/2017,Economy,122,DAL-LGA,229,Dianna Arnett
sweien@vizpainter.com,False,3/24/2017,5/7/2017,Economy,65,DAL-GRR,696,Shaun Weien
po'brill@vizpainter.com,False,5/31/2017,6/19/2017,Economy,70,DAL-LGA,589,Patrick O'Brill
hkirkland@vizpainter.com,False,11/21/2017,12/16/2017,Economy,122,DAL-ATL,325,Heather Kirkland
hkirkland@vizpainter.com,False,10/6/2017,12/16/2017,Economy,71,DAL-AUS,325,Heather Kirkland
pwener@vizpainter.com,False,11/24/2017,12/30/2017,Economy,144,DAL-AUS,615,Pierre Wener
nfranzösisch@vizpainter.com,False,12/17/2016,1/17/2017,First Class,217,DAL-HOU,564,Neil Französisch
tsayre@vizpainter.com,False,9/3/2017,10/4/2017,Economy,148,DAL-HOU,765,Tony Sayre
aallen@vizpainter.com,False,11/4/2017,12/9/2017,Economy,67,DAL-HOU,32,Andrew Allen
pbrown@vizpainter.com,False,10/22/2017,12/15/2017,Business,128,DAL-LGA,609,Philip Brown
ndecherney@vizpainter.com,False,10/24/2017,11/25/2017,Economy,122,DAL-ELP,557,Natalie DeCherney
sjordon@vizpainter.com,False,9/13/2017,12/10/2017,Economy,85,DAL-LAS,680,Sarah Jordon
cdemoss@vizpainter.com,False,9/28/2017,10/17/2017,Economy,91,DAL-MDW,151,Christina DeMoss
cdaly@vizpainter.com,False,7/21/2017,9/13/2017,Economy,75,DAL-LAS,127,Carlos Daly
kdana@vizpainter.com,False,2/9/2017,6/17/2017,Business,179,DAL-MDW,440,Ken Dana
mlaware@vizpainter.com,False,11/10/2017,12/9/2017,Business,106,DAL-OKC,493,Maris LaWare
dmedina@vizpainter.com,False,5/1/2017,6/19/2017,Business,106,DAL-AUS,196,Dario Medina
agerbode@vizpainter.com,False,8/10/2017,11/19/2017,Economy,102,DAL-PHX,35,Andy Gerbode
xxx,False,9/1/2017,10/27/2017,Economy,122,DAL-LAS,347,Jane Waco
tboeckenhauer@vizpainter.com,False,2/3/2017,4/10/2017,First Class,273,DAL-HOU,759,Tom Boeckenhauer
ldonovan@vizpainter.com,False,3/30/2017,6/20/2017,Economy,121,DAL-AUS,456,Lela Donovan
mvan@vizpainter.com,True,12/9/2017,12/22/2017,First Class,290,DAL-ATL,498,Mark Van Huff
jmolinari@vizpainter.com,True,4/16/2017,6/30/2017,Economy,104,DAL-OKC,350,Janet Molinari
sbern@vizpainter.com,True,12/5/2017,12/21/2017,Economy,93,DAL-AUS,677,Sarah Bern
mtran@vizpainter.com,True,3/28/2017,5/7/2017,Economy,133,DAL-SEA,537,Michelle Tran
gphonely@vizpainter.com,False,9/25/2017,11/20/2017,Business,94,DAL-SLC,315,Guy Phonely
bdegenhardt@vizpainter.com,False,9/6/2017,11/26/2017,Economy,114,DAL-SEA,115,Bruce Degenhardt
rmesse@vizpainter.com,True,5/14/2017,7/17/2017,Economy,135,DAL-PHX,624,Raymond Messe
rcrowe@vizpainter.com,False,3/19/2017,3/26/2017,Economy,158,DAL-MDW,663,Ryan Crowe
mtillman@vizpainter.com,False,5/17/2017,6/2/2017,Economy,63,DAL-AUS,520,Meg Tillman
sweien@vizpainter.com,False,1/14/2017,5/7/2017,Economy,159,DAL-MDW,696,Shaun Weien
dbyrd@vizpainter.com,False,3/29/2017,4/20/2017,Economy,155,DAL-AUS,193,Daniel Byrd
hkirkland@vizpainter.com,False,10/15/2017,12/16/2017,Economy,85,DAL-LGA,325,Heather Kirkland
parmstrong@vizpainter.com,False,10/29/2017,12/25/2017,Economy,97,DAL-OKC,603,Pete Armstrong
pbrown@vizpainter.com,True,10/1/2017,12/15/2017,Economy,99,DAL-HOU,609,Philip Brown
nwebber@vizpainter.com,False,8/4/2017,8/20/2017,Economy,115,DAL-ATL,559,Natalie Webber
sjordon@vizpainter.com,False,11/11/2017,12/10/2017,Economy,124,DAL-LAS,680,Sarah Jordon
creiten@vizpainter.com,True,8/3/2017,9/23/2017,Business,134,DAL-LGA,187,Cyra Reiten
dlawera@vizpainter.com,False,1/3/2017,3/24/2017,Business,152,DAL-AUS,190,Dan Lawera
jprescott@vizpainter.com,True,9/23/2017,12/16/2017,Economy,154,DAL-LAS,408,Julie Prescott
dmedina@vizpainter.com,False,5/18/2017,6/19/2017,Economy,97,DAL-HOU,196,Dario Medina
kbern@vizpainter.com,False,8/14/2017,9/23/2017,Business,146,DAL-HOU,415,Karen Bern
agerbode@vizpainter.com,False,9/15/2017,11/19/2017,Economy,96,DAL-HOU,35,Andy Gerbode
ndecherney@vizpainter.com,True,6/26/2017,9/19/2017,Economy,87,DAL-PHX,557,Natalie DeCherney
mchen@vizpainter.com,False,9/25/2017,12/9/2017,Economy,104,DAL-AUS,522,Michael Chen
xxx,False,9/11/2017,10/27/2017,First Class,265,DAL-LGA,347,Jane Waco
tboeckenhauer@vizpainter.com,True,3/11/2017,4/10/2017,Economy,158,DAL-GRR,759,Tom Boeckenhauer
sbern@vizpainter.com,False,9/2/2017,12/21/2017,First Class,221,DAL-HOU,677,Sarah Bern
tsissman@vizpainter.com,False,11/18/2017,11/29/2017,Economy,135,DAL-HOU,738,Thais Sissman
jbell-@vizpainter.com,False,6/21/2017,7/9/2017,Economy,86,DAL-AUS,399,Joy Bell-
garmstrong@vizpainter.com,True,3/24/2017,4/14/2017,Economy,139,DAL-AUS,314,Guy Armstrong
lshagiari@vizpainter.com,False,9/27/2017,12/10/2017,Economy,149,DAL-AUS,464,Lindsay Shagiari
sroelle@vizpainter.com,False,10/18/2017,10/30/2017,Economy,110,DAL-ATL,715,Steven Roelle
xx,True,4/30/2017,6/23/2017,Economy,76,DAL-AUS,445,Kristen Hastings
bgeld@vizpainter.com,False,7/6/2017,9/11/2017,Economy,131,DAL-HOU,116,Bruce Geld
rmesse@vizpainter.com,False,7/9/2017,7/17/2017,Economy,79,DAL-LAS,624,Raymond Messe
mtillman@vizpainter.com,False,1/27/2017,6/2/2017,Economy,153,DAL-MDW,520,Meg Tillman
spistek@vizpainter.com,False,8/6/2017,9/26/2017,Economy,142,DAL-PHX,727,Susan Pistek
sweien@vizpainter.com,True,3/19/2017,5/7/2017,Economy,122,DAL-LGA,696,Shaun Weien
dkoutras@vizpainter.com,False,9/9/2017,10/11/2017,Business,179,DAL-AUS,198,Darren Koutras
gzrebassa@vizpainter.com,True,1/3/2017,2/24/2017,Business,106,DAL-SEA,302,George Zrebassa
hkirkland@vizpainter.com,False,11/17/2017,12/16/2017,Economy,144,DAL-ELP,325,Heather Kirkland
cmccrossin@vizpainter.com,False,6/27/2017,8/17/2017,First Class,229,DAL-HOU,143,Charles McCrossin
pwener@vizpainter.com,False,10/6/2017,12/30/2017,Economy,79,DAL-PHX,615,Pierre Wener
nfranzösisch@vizpainter.com,False,12/20/2016,1/17/2017,Economy,108,DAL-OKC,564,Neil Französisch
tsayre@vizpainter.com,False,7/31/2017,10/4/2017,First Class,277,DAL-ELP,765,Tony Sayre
aallen@vizpainter.com,False,9/9/2017,12/9/2017,Business,173,DAL-PHX,32,Andrew Allen
parmstrong@vizpainter.com,False,11/7/2017,12/25/2017,Business,175,DAL-AMA,603,Pete Armstrong
gashbrook@vizpainter.com,False,10/13/2017,11/11/2017,Economy,106,DAL-HOU,300,George Ashbrook
dkane@vizpainter.com,False,11/25/2017,12/20/2017,Economy,118,DAL-AUS,224,Dennis Kane
sshariari@vizpainter.com,False,12/12/2016,3/2/2017,First Class,253,DAL-HOU,693,Shahid Shariari
jprescott@vizpainter.com,True,11/19/2017,12/16/2017,Economy,94,DAL-ATL,408,Julie Prescott
abixby@vizpainter.com,False,10/27/2017,12/8/2017,Business,131,DAL-AUS,10,Aimee Bixby
kbern@vizpainter.com,False,7/24/2017,9/23/2017,Business,109,DAL-PHX,415,Karen Bern
jgarza@vizpainter.com,True,11/10/2017,12/1/2017,Economy,82,DAL-ATL,340,Jack Garza
agerbode@vizpainter.com,False,8/25/2017,11/19/2017,Economy,107,DAL-ATL,35,Andy Gerbode
ldonovan@vizpainter.com,False,10/27/2017,11/19/2017,Economy,69,DAL-OKC,456,Lela Donovan
ncrebassa@vizpainter.com,False,5/3/2017,6/20/2017,Economy,147,DAL-OKC,568,Nick Crebassa
rd'ascenzo@vizpainter.com,False,9/24/2016,1/8/2017,Economy,132,DAL-AUS,661,Russell D'Ascenzo
tboeckenhauer@vizpainter.com,False,2/19/2017,4/10/2017,Economy,62,DAL-OKC,759,Tom Boeckenhauer
dvan@vizpainter.com,True,1/15/2017,3/12/2017,Economy,142,DAL-ATL,202,Darrin Van Huff
knguyen@vizpainter.com,False,7/20/2017,8/28/2017,First Class,262,DAL-PHX,429,Kean Nguyen
tsissman@vizpainter.com,True,11/14/2017,11/29/2017,Economy,79,DAL-AUS,738,Thais Sissman
x,False,11/19/2017,12/9/2017,Economy,156,DAL-LGA,699,Shirley Jackson
lshagiari@vizpainter.com,False,11/1/2017,12/10/2017,Business,127,DAL-SEA,464,Lindsay Shagiari
abarnes@vizpainter.com,False,1/27/2017,2/22/2017,Economy,61,DAL-SEA,11,Alan Barnes
jsmith@vizpainter.com,False,7/27/2017,9/9/2017,Business,116,DAL-HOU,401,Joy Smith
kmurray@vizpainter.com,False,6/15/2017,7/13/2017,Economy,117,DAL-GRR,424,Katherine Murray
gbaptist@vizpainter.com,False,11/8/2017,12/24/2017,Business,146,DAL-OKC,304,Giulietta Baptist
pjones@vizpainter.com,True,11/4/2017,12/2/2017,Business,110,DAL-AMA,588,Patrick Jones
mmoore@vizpainter.com,True,6/13/2017,7/10/2017,Business,158,DAL-LGA,527,Michael Moore
bgeld@vizpainter.com,False,7/23/2017,9/11/2017,Business,121,DAL-HOU,116,Bruce Geld
ecreighton@vizpainter.com,False,2/15/2017,3/2/2017,Economy,77,DAL-PHX,269,Erin Creighton
rmesse@vizpainter.com,False,7/2/2017,7/17/2017,Economy,62,DAL-PHX,624,Raymond Messe
hredmond@vizpainter.com,True,11/11/2017,12/9/2017,Business,136,DAL-PHX,317,Hallie Redmond
metezadi@vizpainter.com,True,3/28/2017,7/20/2017,Business,80,DAL-ELP,487,Maria Etezadi
sweien@vizpainter.com,False,3/31/2017,5/7/2017,Economy,78,DAL-AUS,696,Shaun Weien
po'brill@vizpainter.com,False,5/12/2017,6/19/2017,First Class,250,DAL-HOU,589,Patrick O'Brill
cdelaney@vizpainter.com,True,3/13/2017,4/28/2017,Economy,150,DAL-ATL,185,Cynthia Delaney
hkirkland@vizpainter.com,False,11/28/2017,12/16/2017,Economy,61,DAL-AUS,325,Heather Kirkland
tsayre@vizpainter.com,False,6/27/2017,10/4/2017,Business,127,DAL-AMA,765,Tony Sayre
aallen@vizpainter.com,False,10/31/2017,12/9/2017,Economy,120,DAL-HOU,32,Andrew Allen
pbrown@vizpainter.com,False,11/19/2017,12/15/2017,Business,119,DAL-LGA,609,Philip Brown
sjordon@vizpainter.com,False,10/25/2017,12/10/2017,First Class,248,DAL-PHX,680,Sarah Jordon
mlichtenstein@vizpainter.com,False,3/20/2017,4/10/2017,Business,124,DAL-AUS,492,Marina Lichtenstein
mbertelson@vizpainter.com,False,4/9/2017,6/25/2017,Economy,156,DAL-SLC,486,Maria Bertelson
jprescott@vizpainter.com,False,11/18/2017,12/16/2017,Economy,89,DAL-SEA,408,Julie Prescott
dmedina@vizpainter.com,True,5/7/2017,6/19/2017,Economy,77,DAL-SFO,196,Dario Medina
agerbode@vizpainter.com,True,10/13/2017,11/19/2017,Economy,111,DAL-LAS,35,Andy Gerbode
ndecherney@vizpainter.com,True,6/25/2017,9/19/2017,Economy,135,DAL-LAS,557,Natalie DeCherney
dbudd@vizpainter.com,False,7/11/2017,9/21/2017,Economy,67,DAL-OKC,197,Darren Budd
xxx,False,10/5/2017,10/27/2017,Economy,111,DAL-LAS,347,Jane Waco
tboeckenhauer@vizpainter.com,True,3/13/2017,4/10/2017,Economy,114,DAL-MDW,759,Tom Boeckenhauer
ldonovan@vizpainter.com,False,6/2/2017,6/20/2017,Economy,106,DAL-AMA,456,Lela Donovan
po'brill@vizpainter.com,False,1/30/2017,2/24/2017,Business,147,DAL-ATL,589,Patrick O'Brill
sbern@vizpainter.com,False,10/2/2017,12/21/2017,First Class,216,DAL-ELP,677,Sarah Bern
garmstrong@vizpainter.com,False,2/12/2017,4/14/2017,Economy,96,DAL-AUS,314,Guy Armstrong
dpercer@vizpainter.com,False,5/23/2017,7/8/2017,Economy,130,DAL-AUS,215,Dean percer
lshagiari@vizpainter.com,False,11/12/2017,12/10/2017,Economy,136,DAL-AUS,464,Lindsay Shagiari
bdegenhardt@vizpainter.com,False,11/11/2017,11/26/2017,Economy,108,DAL-ELP,115,Bruce Degenhardt
sroelle@vizpainter.com,True,10/11/2017,10/30/2017,Economy,137,DAL-SLC,715,Steven Roelle
xx,False,6/5/2017,6/23/2017,Economy,138,DAL-AMA,445,Kristen Hastings
rmesse@vizpainter.com,False,6/27/2017,7/17/2017,Economy,60,DAL-PHX,624,Raymond Messe
rcrowe@vizpainter.com,False,1/22/2017,3/26/2017,First Class,308,DAL-ELP,663,Ryan Crowe
mtillman@vizpainter.com,False,5/15/2017,6/2/2017,Economy,149,DAL-HOU,520,Meg Tillman
spistek@vizpainter.com,False,7/7/2017,9/26/2017,Economy,112,DAL-LAS,727,Susan Pistek
sweien@vizpainter.com,False,4/17/2017,5/7/2017,Economy,81,DAL-LAS,696,Shaun Weien
dbyrd@vizpainter.com,False,3/5/2017,4/20/2017,Business,154,DAL-MDW,193,Daniel Byrd
gzrebassa@vizpainter.com,False,2/6/2017,2/24/2017,Economy,160,DAL-SLC,302,George Zrebassa
hkirkland@vizpainter.com,False,11/17/2017,12/16/2017,First Class,214,DAL-ATL,325,Heather Kirkland
nfranzösisch@vizpainter.com,False,11/20/2016,1/17/2017,Economy,108,DAL-OKC,564,Neil Französisch
kbavinger@vizpainter.com,True,2/11/2017,3/21/2017,Economy,82,DAL-PHX,426,Katrina Bavinger
parmstrong@vizpainter.com,False,11/23/2017,12/25/2017,First Class,283,DAL-SEA,603,Pete Armstrong
pmacintyre@vizpainter.com,True,6/14/2017,8/14/2017,Economy,105,DAL-SEA,595,Paul MacIntyre
sflanagan@vizpainter.com,False,1/25/2017,2/16/2017,Economy,134,DAL-LAS,670,Sandra Flanagan
phirasaki@vizpainter.com,False,8/2/2017,11/30/2017,Business,163,DAL-HOU,585,Patricia Hirasaki
lryan@vizpainter.com,False,9/21/2017,11/27/2017,Economy,126,DAL-ELP,468,Lisa Ryan
dwardle@vizpainter.com,False,2/18/2017,3/17/2017,First Class,303,DAL-OKC,238,Dorothy Wardle
scalhoun@vizpainter.com,False,9/8/2017,11/21/2017,Business,89,DAL-OKC,719,Stuart Calhoun
kbern@vizpainter.com,False,8/12/2017,9/23/2017,Economy,122,DAL-MDW,415,Karen Bern
xxx,False,9/27/2017,10/27/2017,Economy,131,DAL-LAS,347,Jane Waco
ncrebassa@vizpainter.com,False,4/27/2017,6/20/2017,Economy,109,DAL-OKC,568,Nick Crebassa
tboeckenhauer@vizpainter.com,False,2/7/2017,4/10/2017,Economy,67,DAL-PHX,759,Tom Boeckenhauer
dvan@vizpainter.com,False,2/10/2017,3/12/2017,Business,146,DAL-PHX,202,Darrin Van Huff
bmurry@vizpainter.com,False,10/12/2017,12/27/2017,First Class,229,DAL-ATL,105,Brendan Murry
myedwab@vizpainter.com,False,11/6/2017,12/8/2017,Economy,105,DAL-SFO,552,Muhammed Yedwab
knguyen@vizpainter.com,True,8/6/2017,8/28/2017,Economy,81,DAL-LGA,429,Kean Nguyen
lryan@vizpainter.com,False,7/14/2017,9/7/2017,Economy,124,DAL-SLC,468,Lisa Ryan
tsissman@vizpainter.com,False,10/9/2017,11/29/2017,Economy,77,DAL-HOU,738,Thais Sissman
dgreer@vizpainter.com,False,12/14/2016,4/4/2017,Economy,65,DAL-GRR,219,Deirdre Greer
apryor@vizpainter.com,False,1/27/2017,3/13/2017,Economy,108,DAL-AUS,48,Anne Pryor
ashami@vizpainter.com,False,6/10/2017,7/1/2017,Economy,60,DAL-MDW,9,Adrian Shami
gbaptist@vizpainter.com,False,10/7/2017,12/24/2017,Business,98,DAL-AMA,304,Giulietta Baptist
rmesse@vizpainter.com,False,5/18/2017,7/17/2017,Economy,77,DAL-OKC,624,Raymond Messe
hredmond@vizpainter.com,False,11/10/2017,12/9/2017,Economy,108,DAL-AMA,317,Hallie Redmond
dcampbell@vizpainter.com,False,8/30/2017,11/13/2017,Economy,106,DAL-HOU,189,Dan Campbell
agayman@vizpainter.com,False,7/30/2017,8/6/2017,Economy,102,DAL-LGA,45,Anna Gayman
metezadi@vizpainter.com,True,5/12/2017,7/20/2017,Economy,68,DAL-AMA,487,Maria Etezadi
darnett@vizpainter.com,False,7/30/2017,8/26/2017,Economy,94,DAL-MDW,229,Dianna Arnett
sweien@vizpainter.com,False,2/27/2017,5/7/2017,Economy,100,DAL-GRR,696,Shaun Weien
po'brill@vizpainter.com,False,6/6/2017,6/19/2017,Economy,155,DAL-HOU,589,Patrick O'Brill
hkirkland@vizpainter.com,True,9/21/2017,12/16/2017,Economy,131,DAL-SLC,325,Heather Kirkland
mpelletier@vizpainter.com,False,11/17/2017,11/25/2017,Economy,159,DAL-MDW,544,Mike Pelletier
lweiss@vizpainter.com,True,9/15/2017,9/26/2017,Economy,108,DAL-HOU,480,Luke Weiss
jlee@vizpainter.com,False,8/24/2017,9/23/2017,Economy,117,DAL-LGA,388,John Lee
rcollins@vizpainter.com,False,8/15/2017,9/15/2017,Economy,83,DAL-ATL,654,Roy Collins
ndecherney@vizpainter.com,False,10/10/2017,11/25/2017,Business,143,DAL-HOU,557,Natalie DeCherney
dbyrd@vizpainter.com,False,8/24/2017,9/28/2017,Business,113,DAL-HOU,193,Daniel Byrd
dwardle@vizpainter.com,False,2/3/2017,3/17/2017,Economy,104,DAL-AMA,238,Dorothy Wardle
agerbode@vizpainter.com,False,9/26/2017,11/19/2017,Economy,149,DAL-LAS,35,Andy Gerbode
xxx,False,9/23/2017,10/27/2017,Economy,138,DAL-AUS,347,Jane Waco
ncrebassa@vizpainter.com,False,5/20/2017,6/20/2017,Economy,83,DAL-AUS,568,Nick Crebassa
tboeckenhauer@vizpainter.com,False,2/24/2017,4/10/2017,Economy,129,DAL-OKC,759,Tom Boeckenhauer
ldonovan@vizpainter.com,False,6/9/2017,6/20/2017,Economy,147,DAL-LAS,456,Lela Donovan
mvittorini@vizpainter.com,False,7/29/2017,10/24/2017,Economy,124,DAL-HOU,545,Mike Vittorini
dvan@vizpainter.com,False,3/1/2017,3/12/2017,Economy,129,DAL-ELP,202,Darrin Van Huff
csachs@vizpainter.com,False,2/21/2017,4/7/2017,Economy,136,DAL-HOU,163,Chuck Sachs
lcacioppo@vizpainter.com,False,11/24/2017,12/24/2017,Business,109,DAL-PHX,457,Lena Cacioppo
mtran@vizpainter.com,False,2/19/2017,5/7/2017,First Class,286,DAL-PHX,537,Michelle Tran
gphonely@vizpainter.com,True,9/17/2017,11/20/2017,Economy,62,DAL-PHX,315,Guy Phonely
bdegenhardt@vizpainter.com,False,10/8/2017,11/26/2017,Business,105,DAL-SFO,115,Bruce Degenhardt
ashami@vizpainter.com,False,6/4/2017,7/1/2017,Economy,101,DAL-ATL,9,Adrian Shami
povercash@vizpainter.com,False,11/23/2017,12/27/2017,Business,80,DAL-LGA,611,Philisse Overcash
fmcmath@vizpainter.com,False,10/19/2017,11/21/2017,Economy,100,DAL-CLE,291,Fred McMath
rmesse@vizpainter.com,False,6/20/2017,7/17/2017,Economy,75,DAL-HOU,624,Raymond Messe
cconant@vizpainter.com,True,7/4/2017,8/6/2017,Economy,98,DAL-HOU,157,Christopher Conant
hkirkland@vizpainter.com,True,10/29/2017,12/16/2017,Economy,133,DAL-OKC,325,Heather Kirkland
mpelletier@vizpainter.com,False,11/9/2017,11/25/2017,Economy,64,DAL-AUS,544,Mike Pelletier
mlonsdale@vizpainter.com,False,3/17/2017,6/13/2017,Economy,100,DAL-AUS,535,Michelle Lonsdale
ccarroll@vizpainter.com,False,4/26/2017,5/28/2017,Business,135,DAL-PHX,178,Craig Carroll
csheldon@vizpainter.com,False,8/11/2017,9/10/2017,Economy,145,DAL-ELP,144,Charles Sheldon
